feature	metadata	value	name	coef	null_hypothesis	stderr	pval_individual	qval_individual	pval_joint	qval_joint	error	model	N	N_not_zero
Prevotella;T09	X..SCFA.Acetate	X..SCFA.Acetate	X..SCFA.Acetate	-1.25665846963592	0.0913246336273147	0.20911006048855	5.43586549106578e-08	7.82764630713473e-06	1.08717306866452e-07	8.47994993558327e-06	NA	abundance	156	149
Unclassified Christensenellaceae;T15	X..SCFA.Acetate	X..SCFA.Acetate	X..SCFA.Acetate	0.75028365490054	0.0913246336273147	0.158948362562617	0.00050386801929303	0.011828434742337	0.00100748215560519	0.0138782764899578	NA	abundance	156	152
Unclassified S24-7;T27	X..SCFA.Acetate	X..SCFA.Acetate	X..SCFA.Acetate	-0.583245378797449	0.0913246336273147	0.171874270744334	0.000767761195456185	0.0157939445922415	0.00153493293365912	0.0171035384036302	NA	abundance	156	153
Veillonella;T49	X..SCFA.Acetate	X..SCFA.Acetate	X..SCFA.Acetate	-0.709549340406149	0	0.263694188103907	0.00712800880194799	0.0821146613984408	0.0142052090944153	0.085231254566492	NA	prevalence	156	91
[Prevotella];T20	X..SCFA.Acetate	X..SCFA.Acetate	X..SCFA.Acetate	-0.514562504284481	0.0913246336273147	0.203456456771457	0.00882335369582909	0.0907544951570993	0.0175688558212165	0.0978836252896347	NA	abundance	156	82
