feature	metadata	value	name	coef	null_hypothesis	stderr	pval_individual	qval_individual	pval_joint	qval_joint	error	model	N	N_not_zero
Prevotella;T09	Total.SCFA_mg.mL	Total.SCFA_mg.mL	Total.SCFA_mg.mL	0.947945665427409	-0.103029057329205	0.212941025303773	7.77665552642581e-06	0.000447935358322127	7.77665552642581e-06	0.000242631652424485	NA	abundance	156	149
Unclassified Christensenellaceae;T15	Total.SCFA_mg.mL	Total.SCFA_mg.mL	Total.SCFA_mg.mL	-0.666180557701678	-0.103029057329205	0.14859563716347	0.000725901998646528	0.0196704734239174	0.00145127706358142	0.017415324762977	NA	abundance	156	152
Unclassified Enterobacteriaceae;T03	Total.SCFA_mg.mL	Total.SCFA_mg.mL	Total.SCFA_mg.mL	0.837629474934423	-0.103029057329205	0.26949919034173	0.000972834742468454	0.0215520312177627	0.000972834742468454	0.0137965654386435	NA	abundance	156	156
Unclassified S24-7;T27	Total.SCFA_mg.mL	Total.SCFA_mg.mL	Total.SCFA_mg.mL	0.436813923908762	-0.103029057329205	0.165062954016345	0.00288124737377615	0.0414899621823766	0.00575419316112341	0.0408024605970569	NA	abundance	156	153
