"feature"	"metadata"	"value"	"name"	"coef"	"null_hypothesis"	"stderr"	"pval_individual"	"qval_individual"	"pval_joint"	"qval_joint"	"error"	"model"	"N"	"N_not_zero"
"Dialister"	"Year"	"Year"	"Year"	1.07570268604743	0.00808354633828241	0.21551022200818	0.000156711946343036	0.0220151572105169	0.000313399334051944	0.0255461394244175	NA	"abundance"	77	74
"Prevotella"	"X..SCFA.Acetate"	"X..SCFA.Acetate"	"X..SCFA.Acetate"	-1.22436756183962	0.10367705742651	0.310794549089355	0.00018119470955158	0.0220151572105169	0.00036235658758039	0.0255461394244175	NA	"abundance"	77	73
"Phascolarctobacterium"	"Year"	"Year"	"Year"	-1.08474334390489	0.00808354633828241	0.279141409283043	0.00112440204524933	0.0910765656651956	0.00112440204524933	0.0528468961267184	NA	"abundance"	77	76
"Dialister"	"Year"	"Year"	"Year"	1.65803297315836	0	0.876955731572669	0.0586685496440372	0.491601984948312	0.000313399334051944	0.0255461394244175	NA	"prevalence"	77	74
"Prevotella"	"X..SCFA.Acetate"	"X..SCFA.Acetate"	"X..SCFA.Acetate"	0.790816997022673	0	0.73141469969427	0.279601212005474	0.72414943980157	0.00036235658758039	0.0255461394244175	NA	"prevalence"	77	73
"Phascolarctobacterium"	"Year"	"Year"	"Year"	-7.01375816005931e-15	0	1.55688227890616	0.999999999999996	1	0.00112440204524933	0.0528468961267184	"Prevalence association possibly induced by stronger abundance association"	"prevalence"	77	76
